{
    "max_depth": 5,
    "learning_rate": 0.25791985488902,
    "n_estimators": 1339,
    "subsample": 0.7326936863239545,
    "colsample_bytree": 0.38287547075229356,
    "gamma": 5.872080660219639,
    "reg_alpha": 7.699683620285995,
    "reg_lambda": 9.914896916510305
}