{
    "max_depth": 8,
    "learning_rate": 0.20271225807530593,
    "n_estimators": 345,
    "subsample": 0.9089033699445247,
    "colsample_bytree": 0.5955660333635109
}